{"cameraMode":{"drawMode":0,"name":"Shaded","section":"Shading Mode"},"sceneLighting":true,"audioPlay":false,"sceneViewState":{"m_AlwaysRefresh":true,"showFog":true,"showSkybox":true,"showFlares":false,"showImageEffects":false,"showParticleSystems":false,"showVisualEffectGraphs":true,"m_FxEnabled":false},"in2DMode":false,"pivot":{"x":171.81488037109376,"y":171.01235961914063,"z":368.2522888183594},"rotation":{"x":-0.03695029020309448,"y":-0.15407104790210725,"z":-0.006433441769331694,"w":0.9876347780227661},"size":80.59783172607422,"orthographic":false}