{"cameraMode":{"drawMode":0,"name":"Shaded","section":"Shading Mode"},"sceneLighting":true,"audioPlay":false,"sceneViewState":{"m_AlwaysRefresh":true,"showFog":true,"showSkybox":true,"showFlares":false,"showImageEffects":false,"showParticleSystems":false,"showVisualEffectGraphs":true,"m_FxEnabled":false},"in2DMode":false,"pivot":{"x":-63.62084197998047,"y":5.433737277984619,"z":-168.34439086914063},"rotation":{"x":0.0012949025258421898,"y":-0.9979521632194519,"z":-0.06295377016067505,"w":-0.01886792667210102},"size":7.489965438842773,"orthographic":false}