{"cameraMode":{"drawMode":0,"name":"Shaded","section":"Shading Mode"},"sceneLighting":true,"audioPlay":false,"sceneViewState":{"m_AlwaysRefresh":true,"showFog":true,"showSkybox":true,"showFlares":false,"showImageEffects":false,"showParticleSystems":false,"showVisualEffectGraphs":true,"m_FxEnabled":false},"in2DMode":false,"pivot":{"x":-43.92436981201172,"y":5.8579254150390629,"z":-146.67556762695313},"rotation":{"x":0.09526044130325318,"y":0.11237227916717529,"z":-0.010769353248178959,"w":0.9892094135284424},"size":16.54462432861328,"orthographic":false}