{"cameraMode":{"drawMode":0,"name":"Shaded","section":"Shading Mode"},"sceneLighting":true,"audioPlay":false,"sceneViewState":{"m_AlwaysRefresh":true,"showFog":true,"showSkybox":true,"showFlares":false,"showImageEffects":false,"showParticleSystems":false,"showVisualEffectGraphs":true,"m_FxEnabled":false},"in2DMode":false,"pivot":{"x":-61.19647216796875,"y":2.394329071044922,"z":-145.08770751953126},"rotation":{"x":0.0749310776591301,"y":-0.016181889921426774,"z":0.0009795564692467452,"w":0.9971808195114136},"size":24.28714942932129,"orthographic":false}